7,-1,LNWGLoeFPDWoCsqgbrx/lhCfyoI=,zfwJ1T0zVpSMCrmCTqJSNA2Im3U=
7,-2,LNWGLoeFPDWoCsqgbrx/lhCfyoI=,ZnC3gZZzdnj1lnhjfy31wpN0SGI=
7,-3,LNWGLoeFPDWoCsqgbrx/lhCfyoI=,s0Re+0qMVxg9xYYJEq3KHRDcz/Y=
7,-4,LNWGLoeFPDWoCsqgbrx/lhCfyoI=,NQ2DhvB9kmbqMZ+lQbmCsrRdYYQ=
7,-5,LNWGLoeFPDWoCsqgbrx/lhCfyoI=,NQ2DhvB9kmbqMZ+lQbmCsrRdYYQ=
7,-6,LNWGLoeFPDWoCsqgbrx/lhCfyoI=,bKcS8VRp7mBOetiIxnFbS5G/15I=
7,-7,LNWGLoeFPDWoCsqgbrx/lhCfyoI=,mHWnq5s9icz+Jo3gXxhpCN5LrZ8=
7,-8,LNWGLoeFPDWoCsqgbrx/lhCfyoI=,mHWnq5s9icz+Jo3gXxhpCN5LrZ8=
6,-2,LNWGLoeFPDWoCsqgbrx/lhCfyoI=,YQHKkGh5F7SeuBGs8HS/M71krKk=
6,-1,LNWGLoeFPDWoCsqgbrx/lhCfyoI=,thMsg+YqYL211BDnRXF2SlIZWjQ=
6,-4,LNWGLoeFPDWoCsqgbrx/lhCfyoI=,mVdz5bu9LvvW37qGeCR67EyrNPc=
6,-3,LNWGLoeFPDWoCsqgbrx/lhCfyoI=,Nsdrq3PIao2sfd9c442VpUFfj+8=
6,-6,LNWGLoeFPDWoCsqgbrx/lhCfyoI=,6OOLW5NZU0Anr9azDWlcnX+a8es=
6,-5,LNWGLoeFPDWoCsqgbrx/lhCfyoI=,jWz5XrS9cw5lqBJeXeLf8xaIXvM=
6,-8,LNWGLoeFPDWoCsqgbrx/lhCfyoI=,iDCaRbhkDvEQfR5ZVmmdBpJVtqY=
6,-7,LNWGLoeFPDWoCsqgbrx/lhCfyoI=,aiV6jnlblozOg3Rbcz6iqaFv6a0=
5,-3,LNWGLoeFPDWoCsqgbrx/lhCfyoI=,PlulyK0xEudtsLaR7gsUMArEu/k=
5,-4,LNWGLoeFPDWoCsqgbrx/lhCfyoI=,D8t8hWfkeaBgHk/yTZ9eFINPWIk=
5,-1,LNWGLoeFPDWoCsqgbrx/lhCfyoI=,z+b6qBc374TL+Oa0UYjNkX6UTQs=
5,-2,LNWGLoeFPDWoCsqgbrx/lhCfyoI=,vDdw3RgVLe9XXawcY8vTkjgkglk=
5,-7,LNWGLoeFPDWoCsqgbrx/lhCfyoI=,4U3nm5zIOr2fq1u1AArFAxAkQxI=
5,-8,LNWGLoeFPDWoCsqgbrx/lhCfyoI=,WzGdkN5xbP3NAevO3/OKWodn0LE=
5,-5,LNWGLoeFPDWoCsqgbrx/lhCfyoI=,DiS3Rp/fYunoyIEKqtsIhX3EwcM=
5,-6,LNWGLoeFPDWoCsqgbrx/lhCfyoI=,mHWnq5s9icz+Jo3gXxhpCN5LrZ8=
4,-4,LNWGLoeFPDWoCsqgbrx/lhCfyoI=,+FuJSi4PyV/llfge/dpyNJngybc=
4,-3,gnF9RTxH/To1bKOgaGDoq4e4Tco=,CSpwRJlYDpJVmZbOGMEbcMCbS4w=
4,-2,gnF9RTxH/To1bKOgaGDoq4e4Tco=,CSpwRJlYDpJVmZbOGMEbcMCbS4w=
4,-1,gnF9RTxH/To1bKOgaGDoq4e4Tco=,603cuxYltFWGPvaDMlNqEMS4i0M=
4,-8,gnF9RTxH/To1bKOgaGDoq4e4Tco=,VWUNJGmKmSIjtOr0hZlSiTWnDLA=
4,-7,gnF9RTxH/To1bKOgaGDoq4e4Tco=,M2gb0dEjF8GGZsj8cV8LM3UAQDs=
4,-6,gnF9RTxH/To1bKOgaGDoq4e4Tco=,Q/hjGFVXpEz91Grst2l2HS6z9MI=
4,-5,gnF9RTxH/To1bKOgaGDoq4e4Tco=,/ShuogtRUwAkS1v+a7xQf129xGM=
3,-5,gnF9RTxH/To1bKOgaGDoq4e4Tco=,+XvaCBoz1XZLOs9+hBE7ETnccgY=
3,-6,gnF9RTxH/To1bKOgaGDoq4e4Tco=,UgXvHzb/uFX9lpnJ5MGsW130TiA=
3,-7,gnF9RTxH/To1bKOgaGDoq4e4Tco=,XKA+j84ldwjKSFQzMgQsS53O7Qw=
3,-8,gnF9RTxH/To1bKOgaGDoq4e4Tco=,VWUNJGmKmSIjtOr0hZlSiTWnDLA=
3,-1,gnF9RTxH/To1bKOgaGDoq4e4Tco=,RpZYQwduPCgtIq3F3ipaHIQh64Q=
3,-2,gnF9RTxH/To1bKOgaGDoq4e4Tco=,1IpZgaRwgN/x6ITx+nZWZL6/adE=
3,-3,gnF9RTxH/To1bKOgaGDoq4e4Tco=,oLkPQXMjbzZUlSq6UhCabSQ7HyA=
3,-4,gnF9RTxH/To1bKOgaGDoq4e4Tco=,6c+LYeJLTHe/MjwGMMJJJOuXy2s=
2,-6,gnF9RTxH/To1bKOgaGDoq4e4Tco=,tUXOSXmCbL+mm3C9ySIi4f+O3Is=
2,-5,gnF9RTxH/To1bKOgaGDoq4e4Tco=,45NDXWUuTFOwz5KPE4VgS9cr1LE=
2,-8,gnF9RTxH/To1bKOgaGDoq4e4Tco=,HXf6ICvxdCtmiZ5970xxCteOCfM=
2,-7,gnF9RTxH/To1bKOgaGDoq4e4Tco=,3UfrREreINVLYUzwsrK0crDOdCM=
2,-2,gnF9RTxH/To1bKOgaGDoq4e4Tco=,PtcJW5s1JFdfUHEizUsjaulnhQ4=
2,-1,gnF9RTxH/To1bKOgaGDoq4e4Tco=,l48j6yM0u2tgT03QO7xCrK8Nmfk=
2,-4,gnF9RTxH/To1bKOgaGDoq4e4Tco=,tHQR7xwapWJricWMw64YdorV1Qg=
2,-3,R21RWVhx7ajetJz05L5DCWlznKA=,9JUo5lo3icjnfGWRId1DjR9gCLM=
1,-7,R21RWVhx7ajetJz05L5DCWlznKA=,7Cw4DCMPkE01isEc5s1JsYRxk70=
1,-8,R21RWVhx7ajetJz05L5DCWlznKA=,rvuDk2tAl/LeecYOv4XsUTlQa4E=
1,-5,R21RWVhx7ajetJz05L5DCWlznKA=,uAZPRdPJZ34ZFrNDNU6RaGx+NdY=
1,-6,R21RWVhx7ajetJz05L5DCWlznKA=,uAZPRdPJZ34ZFrNDNU6RaGx+NdY=
1,-3,R21RWVhx7ajetJz05L5DCWlznKA=,iXJJ0XDmnlTzzD/9VNzIvCLTJKo=
1,-4,R21RWVhx7ajetJz05L5DCWlznKA=,5quFloCb6YyMbDTJs5jd2fHL+E8=
1,-1,R21RWVhx7ajetJz05L5DCWlznKA=,Hpm/ZJMmDBhXCG5XSTQy4nMnd0I=
1,-2,R21RWVhx7ajetJz05L5DCWlznKA=,FWqQerBETHNgdjIIcb3iNjZeghQ=
0,-8,R21RWVhx7ajetJz05L5DCWlznKA=,4i6wK66OlNrovWfVMjK1O2wwDCQ=
0,-7,R21RWVhx7ajetJz05L5DCWlznKA=,QxFPflzpXgWZ2Iri7KuwbSAsDJ4=
0,-6,R21RWVhx7ajetJz05L5DCWlznKA=,NnJ/4Gtql0KZX0sV9/kS6I6HT9I=
0,-5,R21RWVhx7ajetJz05L5DCWlznKA=,NnJ/4Gtql0KZX0sV9/kS6I6HT9I=
0,-4,R21RWVhx7ajetJz05L5DCWlznKA=,y3BQ99iYZoP1YWOCcC28MLrD7hk=
0,-3,R21RWVhx7ajetJz05L5DCWlznKA=,r2xYHE+USoCgzZyUIq5c5JCvLxU=
0,-2,R21RWVhx7ajetJz05L5DCWlznKA=,FR2TSGSSK4Pvb9t4LIreH8WopmY=
0,-1,R21RWVhx7ajetJz05L5DCWlznKA=,6xK+62t7pGgZkpWfV5FUQtHHnzE=
