0,0,7rOYXVhdhhJ7tqSJ1KUElWV5s9o=,J1W8YMcxI/lCT9eFXlT5xB4o2CE=
0,1,7rOYXVhdhhJ7tqSJ1KUElWV5s9o=,As16RIB/uTmDTznfqujtgBfeXVQ=
0,2,7rOYXVhdhhJ7tqSJ1KUElWV5s9o=,HNPxCk3zDTAAvqSrWXXU4VozTRI=
0,3,7rOYXVhdhhJ7tqSJ1KUElWV5s9o=,NlrizRpaWWZcSobND/DFzltpHQQ=
0,4,7rOYXVhdhhJ7tqSJ1KUElWV5s9o=,Ep9EQSlKHku8ezfB27j3YHeVoH8=
0,5,7rOYXVhdhhJ7tqSJ1KUElWV5s9o=,WDH4lVtUQjxYxJE9WGO/z3Hef14=
0,6,59QqBaKSAjpbNrKoY82tLobIb00=,GhionnvT51FnooI1G+0AEbv9tG8=
0,7,59QqBaKSAjpbNrKoY82tLobIb00=,ZYDotFIPLNV3aE2XE8JqSelsxSc=
1,1,59QqBaKSAjpbNrKoY82tLobIb00=,gQzSMGGPZZAw4r3rY8msI0/esZ8=
1,0,59QqBaKSAjpbNrKoY82tLobIb00=,P4HnCg7CnNO2CmPmARnQBAegnk0=
1,3,59QqBaKSAjpbNrKoY82tLobIb00=,CymRlSBUqf734kwKGin24neAerA=
1,2,59QqBaKSAjpbNrKoY82tLobIb00=,S/IOvxVjPYG5mZl0H+X5aQXVK0U=
1,5,59QqBaKSAjpbNrKoY82tLobIb00=,r3rW4AeNAm93bzAdgid+pTQF/0g=
1,4,59QqBaKSAjpbNrKoY82tLobIb00=,t+NLIaF5kn19l0SSg/hIA9SFEaU=
1,7,59QqBaKSAjpbNrKoY82tLobIb00=,Cldn5b45EmbS1IM1ULpvOhl3Bqs=
1,6,59QqBaKSAjpbNrKoY82tLobIb00=,jejIe99lrgrnCa+vFbjze8n+CBo=
2,2,59QqBaKSAjpbNrKoY82tLobIb00=,1rNz6U3MzwflHY96ZXIAC6qbgDE=
2,3,59QqBaKSAjpbNrKoY82tLobIb00=,9N1uE+x4TIIqdBqst3XJkqetrvE=
2,0,59QqBaKSAjpbNrKoY82tLobIb00=,WLKftPDOiCNXEd0urXU+JidG1iU=
2,1,59QqBaKSAjpbNrKoY82tLobIb00=,1rNz6U3MzwflHY96ZXIAC6qbgDE=
2,6,59QqBaKSAjpbNrKoY82tLobIb00=,Tbl5QBCWSVxY2N/LUs07s6uILGU=
2,7,VLC1yv6Vm5YZVVmT/A/AlYcXlmI=,TvU1tajR1NMG/NRRcsLd5VObwHM=
2,4,VLC1yv6Vm5YZVVmT/A/AlYcXlmI=,bPKm1kcy+TCUFs6Z6GOoNvNJIBI=
2,5,VLC1yv6Vm5YZVVmT/A/AlYcXlmI=,Tbl5QBCWSVxY2N/LUs07s6uILGU=
3,3,VLC1yv6Vm5YZVVmT/A/AlYcXlmI=,sbni+JfY6k+ZT2oWmCML+QX5hDE=
3,2,VLC1yv6Vm5YZVVmT/A/AlYcXlmI=,i6YNmOtH+qFXsG5g2QOOoUt703s=
3,1,VLC1yv6Vm5YZVVmT/A/AlYcXlmI=,6oQ2OGIGoogefTdiPHlK/P+zC/E=
3,0,VLC1yv6Vm5YZVVmT/A/AlYcXlmI=,3WFzSA3jB7GM6W+XFh2smkUffw0=
3,7,VLC1yv6Vm5YZVVmT/A/AlYcXlmI=,TcNDDVmucfbY2sdR9vPkzUgviQo=
3,6,VLC1yv6Vm5YZVVmT/A/AlYcXlmI=,gbQAjks11IHsvfNQV0wh3va/dUk=
3,5,VLC1yv6Vm5YZVVmT/A/AlYcXlmI=,gbQAjks11IHsvfNQV0wh3va/dUk=
3,4,VLC1yv6Vm5YZVVmT/A/AlYcXlmI=,ILgodUiHTiOZWVpl8K9PWQyPXz8=
4,4,VLC1yv6Vm5YZVVmT/A/AlYcXlmI=,11TAEzZ29UeMD2+VCpmCMyWXDYY=
4,5,VLC1yv6Vm5YZVVmT/A/AlYcXlmI=,WUpHzmhDSUpeQ6jTg43UQOCXK9k=
4,6,VLC1yv6Vm5YZVVmT/A/AlYcXlmI=,WUpHzmhDSUpeQ6jTg43UQOCXK9k=
4,7,Y3nvufQMwJyc8fibzlixxR7TUgM=,RtEFy5MqNL6BrdEjC9xhSupVK2g=
4,0,Y3nvufQMwJyc8fibzlixxR7TUgM=,tN2b78EUBw32DO8SB7hoGOJMvLA=
4,1,Y3nvufQMwJyc8fibzlixxR7TUgM=,SG5usIGUlEhMKYoBlgBm9y/VbAQ=
4,2,Y3nvufQMwJyc8fibzlixxR7TUgM=,CuXOxdNRu8Dis7mfh8WH+rrALO8=
4,3,Y3nvufQMwJyc8fibzlixxR7TUgM=,J3HAheqnNOP0P1Wz3jIDQ92srEg=
5,5,Y3nvufQMwJyc8fibzlixxR7TUgM=,Ug4WeySTtM6g0lqUnDL525T3K98=
5,4,Y3nvufQMwJyc8fibzlixxR7TUgM=,2lj5ybTUIXNdJgCHkoD3rF7j1/4=
5,7,Y3nvufQMwJyc8fibzlixxR7TUgM=,uwochqe1HsJ3Vxg7RA8yuGq8lF0=
5,6,Y3nvufQMwJyc8fibzlixxR7TUgM=,Ug4WeySTtM6g0lqUnDL525T3K98=
5,1,Y3nvufQMwJyc8fibzlixxR7TUgM=,5VGFewIqMx6bhFfo5SU5L/XvUww=
5,0,Y3nvufQMwJyc8fibzlixxR7TUgM=,t0RxHC2X5ADOeNerA31UCfrBGnI=
5,3,Y3nvufQMwJyc8fibzlixxR7TUgM=,0lPu6AS61CAPt4LZDyx5v2oqkkI=
5,2,Y3nvufQMwJyc8fibzlixxR7TUgM=,5VGFewIqMx6bhFfo5SU5L/XvUww=
6,6,Y3nvufQMwJyc8fibzlixxR7TUgM=,B/a2jJTTXw7eqnXeoxfuVp6MmF4=
6,7,Y3nvufQMwJyc8fibzlixxR7TUgM=,XC4Wn1SmXV8iVrlCpa5L0DVpArY=
6,4,Y3nvufQMwJyc8fibzlixxR7TUgM=,xkXCfk/DaBEElrJuoIzqd48rQ8k=
6,5,Y3nvufQMwJyc8fibzlixxR7TUgM=,pesyNZke0mfIDK9s+QLzy3aNQv4=
6,2,Y3nvufQMwJyc8fibzlixxR7TUgM=,+ats59qqcluLKdkDeeBMaRSEMYU=
6,3,Y3nvufQMwJyc8fibzlixxR7TUgM=,drWsn2QWKfs5xK+oq9ZMDbE3+EU=
6,0,Y3nvufQMwJyc8fibzlixxR7TUgM=,x47vddQ+bSrIrBr1KzZ+zaXo5v8=
6,1,Y3nvufQMwJyc8fibzlixxR7TUgM=,RLRxcRYA1vFdFaGmfAabBWIMpac=
7,7,Y3nvufQMwJyc8fibzlixxR7TUgM=,uUOHPhRu68KuLVFHGCDbGqDN++g=
7,6,Y3nvufQMwJyc8fibzlixxR7TUgM=,V1Fi6mphtGPvj4r6ncy32Hl8sDQ=
7,5,Y3nvufQMwJyc8fibzlixxR7TUgM=,OBrcVqQf3vofmsjh55rEAH7fOFw=
7,4,Y3nvufQMwJyc8fibzlixxR7TUgM=,keUiykiIqYCnrqgwW8Pcvvg4KWM=
7,3,LNWGLoeFPDWoCsqgbrx/lhCfyoI=,fA59wekGkIa4iPMAuJU2wC+b/7c=
7,2,LNWGLoeFPDWoCsqgbrx/lhCfyoI=,v7TyvZG0baSuY37ZnnfqhCnqYHQ=
7,1,LNWGLoeFPDWoCsqgbrx/lhCfyoI=,LfNX2cxgFpX+qZl15B0Aqs4WH7k=
7,0,LNWGLoeFPDWoCsqgbrx/lhCfyoI=,KEkMk4p0tW4xmgLNXl1eNfNbYXQ=
